"id","company_id/id","name","origin","partner_id/id","date_order","pricelist_id/id","incoterm/id","user_id/id","confirmation_date","client_order_ref"
"__setup__.sale_order_8680","base.main_company","Q201706206845","","__setup__.res_partner_91","2017-06-20","product.list0","stock.incoterm_FCA","__setup__.res_users_16","2017-06-21","SFLY-031-2017"
"__setup__.sale_order_7222","__setup__.company_mte","Q20170110695","","__setup__.res_partner_3970","2017-01-10","product.list0","stock.incoterm_EXW","__setup__.res_users_16","2017-01-11","0100064399"
"__setup__.sale_order_7195","base.main_company","Q201701065784","","__setup__.res_partner_405","2017-01-06","product.list0","stock.incoterm_EXW","__setup__.res_users_16","",""
"__setup__.sale_order_8535","__setup__.company_mte","Q201706021168","","__setup__.res_partner_5","2017-06-02","product.list0","stock.incoterm_EXW","__setup__.res_users_16","2017-06-02","364"
"__setup__.sale_order_7231","__setup__.company_mte","Q20170111698","","__setup__.res_partner_3970","2017-01-11","product.list0","stock.incoterm_EXW","__setup__.res_users_16","2017-01-11","0100064410"
"__setup__.sale_order_8219","__setup__.company_mte","Q201704281057","","__setup__.res_partner_5","2017-04-28","product.list0","stock.incoterm_EXW","__setup__.res_users_16","2017-05-01","533"
"__setup__.sale_order_7580","__setup__.company_mte","Q20170222825","","__setup__.res_partner_3970","2017-02-22","product.list0","stock.incoterm_EXW","__setup__.res_users_16","2017-02-22","0100064541"
"__setup__.sale_order_8542","__setup__.company_mte","Q201706051174","","__setup__.res_partner_5","2017-06-05","product.list0","stock.incoterm_EXW","__setup__.res_users_16","2017-06-05","365"
"__setup__.sale_order_7599","__setup__.company_mte","Q20170227836","","__setup__.res_partner_3970","2017-02-27","product.list0","stock.incoterm_EXW","__setup__.res_users_16","2017-02-27","0100064550"
"__setup__.sale_order_7641","__setup__.company_mte","Q20170301852","","__setup__.res_partner_3970","2017-03-01","product.list0","stock.incoterm_EXW","__setup__.res_users_16","2017-03-02","0100064562"
"__setup__.sale_order_8572","__setup__.company_mte","Q201706081182","","__setup__.res_partner_1020","2017-06-08","product.list0","stock.incoterm_EXW","__setup__.res_users_16","2017-06-09","0013877"
"__setup__.sale_order_8777","base.main_company","Q201706296911","","__setup__.res_partner_91","2017-06-29","product.list0","stock.incoterm_FCA","__setup__.res_users_16","2017-06-29","SFLY-034-2017"
"__setup__.sale_order_7312","__setup__.company_mte","Q20170124726","","__setup__.res_partner_3970","2017-01-24","product.list0","stock.incoterm_EXW","__setup__.res_users_16","2017-01-24","0100064433"
"__setup__.sale_order_8725","__setup__.company_mte","Q201706261245","","__setup__.res_partner_3970","2017-06-26","product.list0","stock.incoterm_EXW","__setup__.res_users_16","2017-06-26","0100064949"
"__setup__.sale_order_7335","__setup__.company_mte","Q20170126735","","__setup__.res_partner_3970","2017-01-26","product.list0","stock.incoterm_EXW","__setup__.res_users_16","2017-01-26","0100064454"
"__setup__.sale_order_8001","base.main_company","Q201704066367","","__setup__.res_partner_3","2017-04-06","product.list0","stock.incoterm_DAP","__setup__.res_users_16","2017-04-06","DUB/006376"
"__setup__.sale_order_7597","base.main_company","Q201702276070","","__setup__.res_partner_405","2017-02-27","product.list0","stock.incoterm_EXW","__setup__.res_users_16","",""
"__setup__.sale_order_7159","base.main_company","Q201701035762","","__setup__.res_partner_1162","2017-01-03","product.list0","stock.incoterm_CPT","__setup__.res_users_16","2017-01-09","11-C"
"__setup__.sale_order_7772","base.main_company","Q201703156195","","__setup__.res_partner_91","2017-03-15","product.list0","stock.incoterm_FCA","__setup__.res_users_16","2017-03-16","SFLY-008-2017"
"__setup__.sale_order_8710","base.main_company","Q201706236866","","__setup__.res_partner_91","2017-06-23","product.list0","","__setup__.res_users_16","2017-06-23","SFLY-032-2017"
"__setup__.sale_order_7274","__setup__.company_mte","Q20170118713","","__setup__.res_partner_3970","2017-01-18","product.list0","stock.incoterm_EXW","__setup__.res_users_16","2017-01-18","0100064415"
"__setup__.sale_order_7296","__setup__.company_mte","Q20170120724","","__setup__.res_partner_3970","2017-01-20","product.list0","stock.incoterm_EXW","__setup__.res_users_16","2017-01-24","0100064431"
"__setup__.sale_order_8808","base.main_company","Q201706306936","","__setup__.res_partner_1162","2017-06-30","product.list0","","__setup__.res_users_16","2017-06-30","#22-2017"
"__setup__.sale_order_7356","__setup__.company_mte","Q20170130742","","__setup__.res_partner_3970","2017-01-30","product.list0","stock.incoterm_EXW","__setup__.res_users_16","2017-01-30","0400007784"
"__setup__.sale_order_8563","__setup__.company_mte","Q201706071180","","__setup__.res_partner_5","2017-06-07","product.list0","stock.incoterm_EXW","__setup__.res_users_16","2017-06-08","366"
"__setup__.sale_order_7236","base.main_company","Q201701125814","","__setup__.res_partner_3","2017-01-12","product.list0","","__setup__.res_users_16","",""
"__setup__.sale_order_7358","__setup__.company_mte","Q20170130743","","__setup__.res_partner_3970","2017-01-30","product.list0","stock.incoterm_EXW","__setup__.res_users_16","2017-01-30","0100064464"
"__setup__.sale_order_7501","base.main_company","Q201702146005","","__setup__.res_partner_91","2017-02-14","product.list0","stock.incoterm_EXW","__setup__.res_users_16","2017-02-14","SFLY-003-2017"
"__setup__.sale_order_7539","base.main_company","Q201702206036","","__setup__.res_partner_1162","2017-02-20","product.list0","stock.incoterm_FCA","__setup__.res_users_16","2017-02-20","#7-2017"
"__setup__.sale_order_7187","base.main_company","Q201701055781","","__setup__.res_partner_91","2017-01-05","product.list0","","__setup__.res_users_16","2017-01-05","SFLY-001-2017"
"__setup__.sale_order_7293","base.main_company","Q201701205855","","__setup__.res_partner_405","2017-01-20","product.list0","stock.incoterm_EXW","__setup__.res_users_16","2017-01-20",""
"__setup__.sale_order_7713","base.main_company","Q201703096146","","__setup__.res_partner_1162","2017-03-08","product.list0","","__setup__.res_users_16","2017-03-08","#9-2017"
"__setup__.sale_order_8574","__setup__.company_mte","Q201706081184","","__setup__.res_partner_1020","2017-06-08","product.list0","stock.incoterm_EXW","__setup__.res_users_16","2017-06-08","0013918"
"__setup__.sale_order_7186","__setup__.company_mte","Q20170105680","","__setup__.res_partner_3970","2017-01-05","product.list0","stock.incoterm_EXW","__setup__.res_users_16","2017-01-05","0100064386"
"__setup__.sale_order_7715","base.main_company","Q201703096148","","__setup__.res_partner_1162","2017-03-08","product.list0","","__setup__.res_users_16","2017-03-08","#9-2017"
"__setup__.sale_order_7269","base.main_company","Q201701175839","","__setup__.res_partner_1162","2017-01-17","product.list0","stock.incoterm_DAP","__setup__.res_users_16","2017-01-18","#1-2017"
"__setup__.sale_order_7801","base.main_company","Q201703166218","","__setup__.res_partner_91","2017-03-16","product.list0","stock.incoterm_FCA","__setup__.res_users_16","2017-03-17","SFLY-010-2017"
"__setup__.sale_order_8502","base.main_company","Q201705316720","","__setup__.res_partner_91","2017-05-31","product.list0","stock.incoterm_FCA","__setup__.res_users_16","2017-05-31","SFLY-026-2017"
"__setup__.sale_order_7322","base.main_company","Q201701255875","","__setup__.res_partner_1099","2017-01-25","product.list0","stock.incoterm_DAP","__setup__.res_users_16","2017-01-30",""
"__setup__.sale_order_7182","base.main_company","Q201701055778","","__setup__.res_partner_3","2017-01-05","product.list0","stock.incoterm_DAP","__setup__.res_users_16","2017-01-05","HUN/027730"
"__setup__.sale_order_7207","base.main_company","Q201701095794","","__setup__.res_partner_3","2017-01-09","product.list0","stock.incoterm_DAP","__setup__.res_users_16","2017-01-09","HUN/027744"
"__setup__.sale_order_7681","base.main_company","Q201703076126","","__setup__.res_partner_405","2017-03-07","product.list0","stock.incoterm_EXW","__setup__.res_users_16","2017-03-07",""
"__setup__.sale_order_7197","base.main_company","Q201701065785","","__setup__.res_partner_3","2017-01-06","product.list0","stock.incoterm_DAP","__setup__.res_users_16","2017-01-09","HUN/026461"
"__setup__.sale_order_7370","__setup__.company_mte","Q20170131750","","__setup__.res_partner_3970","2017-01-31","product.list0","stock.incoterm_EXW","__setup__.res_users_16","2017-01-31","0100064473"
"__setup__.sale_order_7508","base.main_company","Q201702156013","","__setup__.res_partner_91","2017-02-15","product.list0","stock.incoterm_EXW","__setup__.res_users_16","2017-02-15","SFLY-003-2017"
"__setup__.sale_order_7198","base.main_company","Q201701065786","","__setup__.res_partner_3","2017-01-06","product.list0","stock.incoterm_DAP","__setup__.res_users_16","2017-01-09","HUN/027708"
"__setup__.sale_order_7309","base.main_company","Q201701235868","","__setup__.res_partner_1162","2017-01-23","product.list0","stock.incoterm_EXW","__setup__.res_users_16","2017-01-26","Order Number 02/2017"
"__setup__.sale_order_8516","base.main_company","Q201706016729","","__setup__.res_partner_91","2017-06-01","product.list0","stock.incoterm_FCA","__setup__.res_users_16","2017-06-01","SFLY-027-2017"
"__setup__.sale_order_7219","base.main_company","Q201701105801","","__setup__.res_partner_3","2017-01-10","product.list0","stock.incoterm_DAP","__setup__.res_users_16","2017-01-10","HUN/027749"
"__setup__.sale_order_7298","base.main_company","Q201701235857","","__setup__.res_partner_3","2017-01-23","product.list0","stock.incoterm_DAP","__setup__.res_users_16","2017-01-23","DUB/006159"
"__setup__.sale_order_7225","base.main_company","Q201701115806","","__setup__.res_partner_3","2017-01-11","product.list0","stock.incoterm_DAP","__setup__.res_users_16","2017-01-11","HUN/027760"
"__setup__.sale_order_8621","__setup__.company_mte","Q201706131204","","__setup__.res_partner_5","2017-06-13","product.list0","stock.incoterm_EXW","__setup__.res_users_16","2017-06-13","368"
"__setup__.sale_order_7306","base.main_company","Q201701235866","","__setup__.res_partner_3","2017-01-23","product.list0","stock.incoterm_DAP","__setup__.res_users_16","2017-01-25","HUN/027840"
"__setup__.sale_order_7540","base.main_company","Q201702206037","","__setup__.res_partner_1162","2017-02-20","product.list0","stock.incoterm_FCA","__setup__.res_users_16","2017-02-20","#7-2017"
"__setup__.sale_order_7223","base.main_company","Q201701115804","","__setup__.res_partner_3","2017-01-11","product.list0","stock.incoterm_DAP","__setup__.res_users_16","2017-01-11","HUN/026478"
"__setup__.sale_order_7820","base.main_company","Q201703176235","","__setup__.res_partner_91","2017-03-17","product.list0","stock.incoterm_FCA","__setup__.res_users_16","2017-03-17","SFLY-011-2017"
"__setup__.sale_order_7285","__setup__.company_mte","Q20170119718","","__setup__.res_partner_1020","2017-01-19","product.list0","stock.incoterm_EXW","__setup__.res_users_16","2017-01-19","0013435"
"__setup__.sale_order_7324","base.main_company","Q201701255877","","__setup__.res_partner_3","2017-01-25","product.list0","stock.incoterm_DAP","__setup__.res_users_16","2017-01-25","HUN/027858 "
"__setup__.sale_order_7237","base.main_company","Q201701125815","","__setup__.res_partner_3","2017-01-12","product.list0","stock.incoterm_DAP","__setup__.res_users_16","2017-01-12","DUB/006128"
"__setup__.sale_order_8776","base.main_company","Q201706296910","","__setup__.res_partner_91","2017-06-29","product.list0","stock.incoterm_FCA","__setup__.res_users_16","2017-06-29","SFLY-033-2017"
"__setup__.sale_order_7261","base.main_company","Q201701175831","","__setup__.res_partner_3","2017-01-17","product.list0","stock.incoterm_DAP","__setup__.res_users_16","2017-01-17","HUN/027791"
"__setup__.sale_order_8603","__setup__.company_mte","Q201706121199","","__setup__.res_partner_1020","2017-06-12","product.list0","stock.incoterm_EXW","__setup__.res_users_16","2017-06-13","0013917"
"__setup__.sale_order_7302","base.main_company","Q201701235862","","__setup__.res_partner_3","2017-01-23","product.list0","stock.incoterm_DAP","__setup__.res_users_16","2017-01-23","DUB/006153"
"__setup__.sale_order_7367","base.main_company","Q201701315912","","__setup__.res_partner_3","2017-01-31","product.list0","stock.incoterm_DAP","__setup__.res_users_16","2017-01-31","HUN/026642"
"__setup__.sale_order_7240","__setup__.company_mte","Q20170112700","","__setup__.res_partner_1020","2017-01-12","product.list0","stock.incoterm_EXW","__setup__.res_users_16","2017-01-12","0013404"
"__setup__.sale_order_7277","__setup__.company_mte","Q20170118715","","__setup__.res_partner_1020","2017-01-18","product.list0","stock.incoterm_EXW","__setup__.res_users_16","2017-01-19","0013432"
"__setup__.sale_order_7517","__setup__.company_mte","Q20170215801","","__setup__.res_partner_1020","2017-02-15","product.list0","stock.incoterm_EXW","__setup__.res_users_16","2017-02-16","0013517"
"__setup__.sale_order_7340","__setup__.company_mte","Q20170126737","","__setup__.res_partner_5","2017-01-26","product.list0","stock.incoterm_DAP","__setup__.res_users_16","2017-01-27","317"
"__setup__.sale_order_7183","base.main_company","Q201701055779","","__setup__.res_partner_1099","2017-01-05","product.list0","stock.incoterm_DAP","__setup__.res_users_16","2017-01-09","HK-EB-201701-5"
"__setup__.sale_order_7264","base.main_company","Q201701175834","","__setup__.res_partner_1099","2017-01-17","product.list0","stock.incoterm_DAP","__setup__.res_users_16","2017-01-17",""
"__setup__.sale_order_7482","base.main_company","Q201702135990","","__setup__.res_partner_1099","2017-02-13","product.list0","stock.incoterm_FCA","__setup__.res_users_16","2017-02-13",""
"__setup__.sale_order_7546","__setup__.company_mte","Q20170220809","","__setup__.res_partner_5","2017-02-20","product.list0","stock.incoterm_EXW","__setup__.res_users_16","2017-02-21","322"
"__setup__.sale_order_7424","base.main_company","Q201702075956","","__setup__.res_partner_3","2017-02-07","product.list0","stock.incoterm_DAP","__setup__.res_users_16","2017-02-08","HUN/027956"
"__setup__.sale_order_7547","__setup__.company_mte","Q20170220810","","__setup__.res_partner_5","2017-02-20","product.list0","stock.incoterm_EXW","__setup__.res_users_16","2017-02-21","321"
"__setup__.sale_order_7525","__setup__.company_mte","Q20170216802","","__setup__.res_partner_3970","2017-02-16","product.list0","stock.incoterm_EXW","__setup__.res_users_16","2017-02-20","0100064518"
"__setup__.sale_order_7582","__setup__.company_mte","Q20170222827","","__setup__.res_partner_1020","2017-02-22","product.list0","stock.incoterm_EXW","__setup__.res_users_16","2017-02-22","0013534"
"__setup__.sale_order_7216","__setup__.company_mte","Q20170109694","","__setup__.res_partner_1020","2017-01-09","product.list0","stock.incoterm_EXW","__setup__.res_users_16","2017-01-09","0013396"
"__setup__.sale_order_7542","base.main_company","Q201702206039","","__setup__.res_partner_1099","2017-02-20","product.list0","stock.incoterm_DAP","__setup__.res_users_16","2017-02-20","HK-EB-20170217-95-04"
"__setup__.sale_order_8630","__setup__.company_mte","Q201706141208","","__setup__.res_partner_1020","2017-06-14","product.list0","stock.incoterm_EXW","__setup__.res_users_16","2017-06-14","0013946"
"__setup__.sale_order_7963","base.main_company","Q201704036338","","__setup__.res_partner_3","2017-04-03","product.list0","stock.incoterm_DAP","__setup__.res_users_16","2017-04-10","DUB/006360"
"__setup__.sale_order_7636","__setup__.company_mte","Q20170301847","","__setup__.res_partner_5","2017-03-01","product.list0","stock.incoterm_EXW","__setup__.res_users_16","2017-03-01","322 - Mktg"
"__setup__.sale_order_7451","base.main_company","Q201702085972","","__setup__.res_partner_3","2017-02-08","product.list0","stock.incoterm_DAP","__setup__.res_users_16","2017-02-08","DUB/006197"
"__setup__.sale_order_7799","base.main_company","Q201703166216","","__setup__.res_partner_1162","2017-03-16","product.list0","stock.incoterm_EXW","__setup__.res_users_16","2017-03-16","#10"
"__setup__.sale_order_8045","base.main_company","Q201704106403","","__setup__.res_partner_91","2017-04-10","product.list0","","__setup__.res_users_16","2017-04-10","SFLY-020-2017"
"__setup__.sale_order_7460","base.main_company","Q201702095976","","__setup__.res_partner_3","2017-02-09","product.list0","stock.incoterm_DAP","__setup__.res_users_16","2017-02-14","HUN/027964"
"__setup__.sale_order_8686","__setup__.company_mte","Q201706211228","","__setup__.res_partner_1020","2017-06-21","product.list0","stock.incoterm_EXW","__setup__.res_users_16","2017-06-21","0013975"
"__setup__.sale_order_7523","base.main_company","Q201702166025","","__setup__.res_partner_3","2017-02-16","product.list0","stock.incoterm_DAP","__setup__.res_users_16","2017-02-16","HUN/028023"
"__setup__.sale_order_7638","__setup__.company_mte","Q20170301849","","__setup__.res_partner_1020","2017-03-01","product.list0","stock.incoterm_EXW","__setup__.res_users_16","2017-03-02","0013567"
"__setup__.sale_order_7368","__setup__.company_mte","Q20170131748","","__setup__.res_partner_3970","2017-01-31","product.list0","stock.incoterm_EXW","__setup__.res_users_16","2017-01-31","0100064471"
"__setup__.sale_order_7693","__setup__.company_mte","Q20170307875","","__setup__.res_partner_5","2017-03-07","product.list0","stock.incoterm_DAP","__setup__.res_users_16","2017-03-07","323 - Mktg"
"__setup__.sale_order_7846","base.main_company","Q201703216257","","__setup__.res_partner_3","2017-03-21","product.list0","stock.incoterm_DAP","__setup__.res_users_16","2017-03-21","HUN/028278"
"__setup__.sale_order_7526","base.main_company","Q201702166027","","__setup__.res_partner_3","2017-02-16","product.list0","stock.incoterm_EXW","__setup__.res_users_16","2017-02-16","HUN/028025"
"__setup__.sale_order_8378","__setup__.company_mte","Q201705171119","","__setup__.res_partner_5","2017-05-17","product.list0","stock.incoterm_EXW","__setup__.res_users_16","2017-05-18","358"
"__setup__.sale_order_7915","base.main_company","Q201703286309","","__setup__.res_partner_1162","2017-03-28","product.list0","stock.incoterm_DAP","__setup__.res_users_16","2017-03-28","Order 11-2017"
"__setup__.sale_order_7349","__setup__.company_mte","Q20170127740","","__setup__.res_partner_1020","2017-01-27","product.list0","stock.incoterm_EXW","__setup__.res_users_16","2017-01-30","0013457"
"__setup__.sale_order_7465","__setup__.company_mte","Q20170210785","","__setup__.res_partner_1020","2017-02-09","product.list0","stock.incoterm_EXW","__setup__.res_users_16","2017-02-13","0013499"
"__setup__.sale_order_8033","base.main_company","Q201704106393","","__setup__.res_partner_3","2017-04-10","product.list0","stock.incoterm_DAP","__setup__.res_users_16","2017-04-10","HUN/028416"
"__setup__.sale_order_8337","__setup__.company_mte","Q201705111105","","__setup__.res_partner_1020","2017-05-11","product.list0","stock.incoterm_EXW","__setup__.res_users_16","2017-05-11","0013807"
"__setup__.sale_order_8110","base.main_company","Q201704186455","","__setup__.res_partner_91","2017-04-18","product.list0","","__setup__.res_users_16","2017-04-18","SFLY-021-2017"
"__setup__.sale_order_8626","__setup__.company_mte","Q201706141207","","__setup__.res_partner_5","2017-06-14","product.list0","stock.incoterm_EXW","__setup__.res_users_16","2017-06-14","367"
"__setup__.sale_order_7493","__setup__.company_mte","Q20170213794","","__setup__.res_partner_1020","2017-02-13","product.list0","stock.incoterm_EXW","__setup__.res_users_16","2017-02-14","0013503"
"__setup__.sale_order_7968","base.main_company","Q201704036342","","__setup__.res_partner_91","2017-04-03","product.list0","","__setup__.res_users_16","2017-04-03","SFLY-015-2017"
"__setup__.sale_order_8283","__setup__.company_mte","Q201705051084","","__setup__.res_partner_3970","2017-05-05","product.list0","stock.incoterm_EXW","__setup__.res_users_16","2017-05-05","0100064781"
"__setup__.sale_order_7809","__setup__.company_mte","Q20170316910","","__setup__.res_partner_5","2017-03-16","product.list0","stock.incoterm_EXW","__setup__.res_users_16","2017-03-20","345"
"__setup__.sale_order_7714","base.main_company","Q201703096147","","__setup__.res_partner_1162","2017-03-08","product.list0","stock.incoterm_DAP","__setup__.res_users_16","2017-03-09","#8-2017"
"__setup__.sale_order_7863","__setup__.company_mte","Q20170322931","","__setup__.res_partner_1020","2017-03-22","product.list0","stock.incoterm_EXW","__setup__.res_users_16","2017-03-22","0013630"
"__setup__.sale_order_7966","base.main_company","Q201704036340","","__setup__.res_partner_91","2017-04-03","product.list0","stock.incoterm_FCA","__setup__.res_users_16","2017-04-03","SFLY-014-2017"
"__setup__.sale_order_7993","__setup__.company_mte","Q20170405971","","__setup__.res_partner_3970","2017-04-05","product.list0","stock.incoterm_EXW","__setup__.res_users_16","2017-04-05","0100064680"
"__setup__.sale_order_8360","__setup__.company_mte","Q201705151108","","__setup__.res_partner_1020","2017-05-15","product.list0","stock.incoterm_EXW","__setup__.res_users_16","2017-05-15","0013824"
"__setup__.sale_order_8809","base.main_company","Q201707016937","","__setup__.res_partner_91","2017-07-01","product.list0","stock.incoterm_FCA","__setup__.res_users_16","2017-07-03","SFLY-036-2017"
"__setup__.sale_order_8807","base.main_company","Q201706306935","","__setup__.res_partner_91","2017-06-30","product.list0","","__setup__.res_users_16","2017-06-30","SFLY-035-2017"
"__setup__.sale_order_7532","__setup__.company_mte","Q20170217805","","__setup__.res_partner_3970","2017-02-16","product.list0","stock.incoterm_EXW","__setup__.res_users_16","2017-02-20","0100064524"
"__setup__.sale_order_7667","__setup__.company_mte","Q20170303863","","__setup__.res_partner_1020","2017-03-03","product.list0","stock.incoterm_EXW","__setup__.res_users_16","2017-03-03","0013573"
"__setup__.sale_order_7898","base.main_company","Q201703276296","","__setup__.res_partner_91","2017-03-27","product.list0","","__setup__.res_users_16","2017-03-27","SFLY-012-2017"
"__setup__.sale_order_7690","__setup__.company_mte","Q20170307872","","__setup__.res_partner_1020","2017-03-07","product.list0","stock.incoterm_EXW","__setup__.res_users_16","2017-03-07","0013577"
"__setup__.sale_order_8174","base.main_company","Q201704256496","","__setup__.res_partner_1162","2017-04-25","product.list0","","__setup__.res_users_16","2017-04-25","AnalÃ­a-JosÃ©"
"__setup__.sale_order_7746","__setup__.company_mte","Q20170310890","","__setup__.res_partner_5","2017-03-10","product.list0","stock.incoterm_EXW","__setup__.res_users_16","2017-03-14","344"
"__setup__.sale_order_7830","__setup__.company_mte","Q20170320916","","__setup__.res_partner_5","2017-03-20","product.list0","stock.incoterm_DAP","__setup__.res_users_16","2017-03-20","346"
"__setup__.sale_order_7905","base.main_company","Q201703276303","","__setup__.res_partner_3","2017-03-27","product.list0","stock.incoterm_DAP","__setup__.res_users_16","2017-03-28","HUN/028322"
"__setup__.sale_order_7832","__setup__.company_mte","Q20170320918","","__setup__.res_partner_5","2017-03-20","product.list0","stock.incoterm_EXW","__setup__.res_users_16","2017-03-20","347"
"__setup__.sale_order_7734","__setup__.company_mte","Q20170309888","","__setup__.res_partner_1020","2017-03-09","product.list0","stock.incoterm_EXW","__setup__.res_users_16","2017-03-10","0013591"
"__setup__.sale_order_7926","base.main_company","Q201703296315","","__setup__.res_partner_91","2017-03-29","product.list0","","__setup__.res_users_16","2017-03-29","SFLY-013-2017"
"__setup__.sale_order_7770","__setup__.company_mte","Q20170315900","","__setup__.res_partner_1020","2017-03-15","product.list0","stock.incoterm_EXW","__setup__.res_users_16","2017-03-15","0013597"
"__setup__.sale_order_7355","__setup__.company_mte","Q20170130741","","__setup__.res_partner_1020","2017-01-30","product.list0","stock.incoterm_EXW","__setup__.res_users_16","2017-01-30","0013459"
"__setup__.sale_order_7548","__setup__.company_mte","Q20170220811","","__setup__.res_partner_1020","2017-02-20","product.list0","stock.incoterm_EXW","__setup__.res_users_16","2017-02-20","0013519"
"__setup__.sale_order_8646","base.main_company","Q201706166819","","__setup__.res_partner_3","2017-06-16","product.list0","","__setup__.res_users_16","","HUN/045452"
"__setup__.sale_order_7570","__setup__.company_mte","Q20170221822","","__setup__.res_partner_1020","2017-02-21","product.list0","stock.incoterm_EXW","__setup__.res_users_16","2017-02-22","0013524"
"__setup__.sale_order_7581","__setup__.company_mte","Q20170222826","","__setup__.res_partner_1020","2017-02-22","product.list0","stock.incoterm_EXW","__setup__.res_users_16","2017-02-22","0013532"
"__setup__.sale_order_7988","base.main_company","Q201704056361","","__setup__.res_partner_91","2017-04-05","product.list0","","__setup__.res_users_16","2017-04-05","SFLY-017-2017"
"__setup__.sale_order_7628","base.main_company","Q201703016098","","__setup__.res_partner_91","2017-03-01","product.list0","","__setup__.res_users_16","2017-03-02","SFLY-005-2017"
"__setup__.sale_order_8189","base.main_company","Q201704276505","","__setup__.res_partner_1099","2017-04-27","product.list0","stock.incoterm_DAP","__setup__.res_users_16","2017-04-27","HK-EB-20170427-103-02"
"__setup__.sale_order_8017","base.main_company","Q201704066381","","__setup__.res_partner_91","2017-04-06","product.list0","","__setup__.res_users_16","2017-04-06","SFLY-019-2017"
"__setup__.sale_order_7505","base.main_company","Q201702156009","","__setup__.res_partner_3","2017-02-15","product.list0","stock.incoterm_DAP","__setup__.res_users_16","2017-02-16","HUN/027993"
"__setup__.sale_order_7627","base.main_company","Q201703016097","","__setup__.res_partner_91","2017-03-01","product.list0","","__setup__.res_users_16","2017-03-02","SFLY-004-2017"
"__setup__.sale_order_8731","__setup__.company_mte","Q201706261250","","__setup__.res_partner_1020","2017-06-26","product.list0","stock.incoterm_EXW","__setup__.res_users_16","2017-06-26","0013997"
"__setup__.sale_order_8694","__setup__.company_mte","Q201706211235","","__setup__.res_partner_5","2017-06-21","product.list0","stock.incoterm_EXW","__setup__.res_users_16","2017-06-21","369"
"__setup__.sale_order_7983","base.main_company","Q201704046357","","__setup__.res_partner_91","2017-04-04","product.list0","stock.incoterm_FCA","__setup__.res_users_16","2017-04-05","SFLY-016-2017"
"__setup__.sale_order_8413","__setup__.company_mte","Q201705221130","","__setup__.res_partner_5","2017-05-22","product.list0","stock.incoterm_EXW","__setup__.res_users_16","2017-05-22","361"
"__setup__.sale_order_7534","base.main_company","Q201702176031","","__setup__.res_partner_3","2017-02-17","product.list0","stock.incoterm_EXW","__setup__.res_users_16","2017-02-17","LIV/028007"
"__setup__.sale_order_8730","__setup__.company_mte","Q201706261249","","__setup__.res_partner_1020","2017-06-26","product.list0","stock.incoterm_EXW","__setup__.res_users_16","2017-06-26","0013994"
"__setup__.sale_order_8815","__setup__.company_mte","Q201707031274","","__setup__.res_partner_5","2017-07-03","product.list0","stock.incoterm_EXW","__setup__.res_users_16","2017-07-05","372"
"__setup__.sale_order_8144","base.main_company","Q201704206479","","__setup__.res_partner_91","2017-04-20","product.list0","stock.incoterm_FCA","__setup__.res_users_16","2017-04-20","SFLY-022-2017"
"__setup__.sale_order_7486","base.main_company","Q201702135994","","__setup__.res_partner_91","2017-02-13","product.list0","stock.incoterm_EXW","__setup__.res_users_16","2017-02-13","SFLY-002-2017"
"__setup__.sale_order_7630","base.main_company","Q201703016099","","__setup__.res_partner_91","2017-03-01","product.list0","stock.incoterm_FCA","__setup__.res_users_16","2017-03-03","SFLY-006-2017"
"__setup__.sale_order_7600","base.main_company","Q201702276072","","__setup__.res_partner_3","2017-02-27","product.list0","stock.incoterm_DAP","__setup__.res_users_16","2017-02-28","HUN/028116"
"__setup__.sale_order_7651","base.main_company","Q201703026108","","__setup__.res_partner_91","2017-03-02","product.list0","stock.incoterm_FCA","__setup__.res_users_16","2017-03-03","SFLY-007-2017"
"__setup__.sale_order_7463","base.main_company","Q201702095979","","__setup__.res_partner_1099","2017-02-16","product.list0","stock.incoterm_DAP","__setup__.res_users_16","2017-02-21",""
"__setup__.sale_order_7776","base.main_company","Q201703156198","","__setup__.res_partner_91","2017-03-15","product.list0","","__setup__.res_users_16","2017-03-15","SFLY-009-2017"
"__setup__.sale_order_8143","base.main_company","Q201704206478","","__setup__.res_partner_91","2017-04-20","product.list0","stock.incoterm_FCA","__setup__.res_users_16","2017-04-20","SFLY-023-2017"
"__setup__.sale_order_7613","base.main_company","Q201702286087","","__setup__.res_partner_3","2017-02-28","product.list0","stock.incoterm_DAP","__setup__.res_users_16","2017-03-01","HUN/028135"
"__setup__.sale_order_8015","base.main_company","Q201704066379","","__setup__.res_partner_91","2017-04-06","product.list0","stock.incoterm_FCA","__setup__.res_users_16","2017-04-06","SFLY-018-2017"
"__setup__.sale_order_7672","base.main_company","Q201703066122","","__setup__.res_partner_1099","2017-03-06","product.list0","stock.incoterm_DAP","__setup__.res_users_16","2017-03-08",""
"__setup__.sale_order_8380","__setup__.company_mte","Q201705171121","","__setup__.res_partner_5","2017-05-17","product.list0","stock.incoterm_EXW","__setup__.res_users_16","2017-05-22","359"
"__setup__.sale_order_8905","__setup__.company_mte","Q201707141299","","__setup__.res_partner_5","2017-07-14","product.list0","stock.incoterm_EXW","__setup__.res_users_16","2017-07-17","373"
"__setup__.sale_order_7748","base.main_company","Q201703106180","","__setup__.res_partner_1099","2017-03-10","product.list0","stock.incoterm_EXW","__setup__.res_users_16","2017-03-10",""
"__setup__.sale_order_7685","base.main_company","Q201703076130","","__setup__.res_partner_3","2017-03-07","product.list0","stock.incoterm_DAP","__setup__.res_users_16","2017-03-07","HUN/028174"
"__setup__.sale_order_8276","base.main_company","Q201705046557","","__setup__.res_partner_91","2017-05-04","product.list0","stock.incoterm_FCA","__setup__.res_users_16","2017-05-05","SFLY-025-2017"
"__setup__.sale_order_7923","base.main_company","Q201703296312","","__setup__.res_partner_3","2017-03-29","product.list0","stock.incoterm_DAP","__setup__.res_users_16","2017-03-29","HUN/028341"
"__setup__.sale_order_7875","base.main_company","Q201703236278","","__setup__.res_partner_1099","2017-03-23","product.list0","stock.incoterm_DAP","__setup__.res_users_16","2017-03-23","Order 21/3/2017"
"__setup__.sale_order_7535","base.main_company","Q201702176032","","__setup__.res_partner_3","2017-02-17","product.list0","stock.incoterm_DAP","__setup__.res_users_16","2017-02-21","DUB/006219"
"__setup__.sale_order_7705","base.main_company","Q201703086141","","__setup__.res_partner_3","2017-03-08","product.list0","stock.incoterm_DAP","__setup__.res_users_16","2017-03-09","HUN/028202"
"__setup__.sale_order_9596","base.main_company","Q201710117549","","__setup__.res_partner_3","2017-10-11","product.list0","stock.incoterm_EXW","__setup__.res_users_16","2017-10-11",""
"__setup__.sale_order_7598","base.main_company","Q201702276071","","__setup__.res_partner_3","2017-02-27","product.list0","stock.incoterm_DAP","__setup__.res_users_16","2017-02-28","DUB/006251"
"__setup__.sale_order_7697","base.main_company","Q201703086134","","__setup__.res_partner_3","2017-03-08","product.list0","stock.incoterm_DAP","__setup__.res_users_16","2017-03-10","HUN/028186"
"__setup__.sale_order_9405","base.main_company","Q201709157408","","__setup__.res_partner_405","2017-09-15","product.list0","","__setup__.res_users_16","",""
"__setup__.sale_order_9010","__setup__.company_mte","Q201707281346","","__setup__.res_partner_5","2017-07-28","product.list0","stock.incoterm_EXW","__setup__.res_users_16","2017-07-28","374"
"__setup__.sale_order_9076","__setup__.company_mte","Q201708071365","","__setup__.res_partner_5","2017-08-07","product.list0","stock.incoterm_EXW","__setup__.res_users_16","2017-08-07","376"
"__setup__.sale_order_7729","base.main_company","Q201703096162","","__setup__.res_partner_3","2017-03-09","product.list0","stock.incoterm_DAP","__setup__.res_users_16","2017-03-10","DUB/006293"
"__setup__.sale_order_7925","base.main_company","Q201703296314","","__setup__.res_partner_3","2017-03-29","product.list0","stock.incoterm_DAP","__setup__.res_users_16","2017-03-29","HUN/028340"
"__setup__.sale_order_8158","__setup__.company_mte","Q201704211030","","__setup__.res_partner_3970","2017-04-21","product.list0","stock.incoterm_EXW","__setup__.res_users_16","2017-04-21","0100064732"
"__setup__.sale_order_7969","base.main_company","Q201704036343","","__setup__.res_partner_3","2017-04-03","product.list0","stock.incoterm_DAP","__setup__.res_users_16","2017-04-03","HUN/028378"
"__setup__.sale_order_7743","base.main_company","Q201703106174","","__setup__.res_partner_3","2017-03-10","product.list0","stock.incoterm_DAP","__setup__.res_users_16","2017-03-10","DUB/006293"
"__setup__.sale_order_8488","__setup__.company_mte","Q201705301158","","__setup__.res_partner_5","2017-05-30","product.list0","stock.incoterm_EXW","__setup__.res_users_16","2017-05-30","362"
"__setup__.sale_order_9612","base.main_company","Q201710127558","","__setup__.res_partner_3","2017-10-12","product.list0","stock.incoterm_CPT","__setup__.res_users_16","2017-10-12","HUN/029499"
"__setup__.sale_order_7775","base.main_company","Q201703156197","","__setup__.res_partner_3","2017-03-15","product.list0","stock.incoterm_DAP","__setup__.res_users_16","2017-03-15","HUN/028234"
"__setup__.sale_order_9002","__setup__.company_mte","Q201707271342","","__setup__.res_partner_3970","2017-07-27","product.list0","stock.incoterm_EXW","__setup__.res_users_16","2017-07-27","0100065041"
"__setup__.sale_order_7774","base.main_company","Q201703156196","","__setup__.res_partner_3","2017-03-15","product.list0","stock.incoterm_DAP","__setup__.res_users_16","2017-03-15","HUN/028232"
"__setup__.sale_order_7640","__setup__.company_mte","Q20170301851","","__setup__.res_partner_3970","2017-03-01","product.list0","stock.incoterm_EXW","__setup__.res_users_16","2017-03-01","0100064561"
"__setup__.sale_order_9032","base.main_company","Q201708017104","","__setup__.res_partner_1162","2017-08-01","product.list0","stock.incoterm_DAP","__setup__.res_users_16","2017-08-02","#26-2017"
"__setup__.sale_order_8315","__setup__.company_mte","Q201705101095","","__setup__.res_partner_3970","2017-05-09","product.list0","stock.incoterm_EXW","__setup__.res_users_16","2017-05-11","64788"
"__setup__.sale_order_7793","__setup__.company_mte","Q20170315906","","__setup__.res_partner_3970","2017-03-15","product.list0","stock.incoterm_EXW","__setup__.res_users_16","2017-03-15","0100064617"
"__setup__.sale_order_7788","base.main_company","Q201703156211","","__setup__.res_partner_3","2017-03-15","product.list0","stock.incoterm_DAP","__setup__.res_users_16","2017-03-15","HUN/028243"
"__setup__.sale_order_7852","__setup__.company_mte","Q20170321924","","__setup__.res_partner_3970","2017-03-21","product.list0","stock.incoterm_EXW","__setup__.res_users_16","2017-03-21","0100064623"
"__setup__.sale_order_7906","__setup__.company_mte","Q20170327941","","__setup__.res_partner_3970","2017-03-27","product.list0","stock.incoterm_EXW","__setup__.res_users_16","2017-03-27","0100064638"
"__setup__.sale_order_7784","base.main_company","Q201703156206","","__setup__.res_partner_3","2017-03-15","product.list0","stock.incoterm_DAP","__setup__.res_users_16","2017-03-16","HUN/028241"
"__setup__.sale_order_7959","__setup__.company_mte","Q20170331964","","__setup__.res_partner_3970","2017-03-31","product.list0","stock.incoterm_EXW","__setup__.res_users_16","2017-04-04","0100064664"
"__setup__.sale_order_9127","__setup__.company_mte","Q201708111379","","__setup__.res_partner_5","2017-08-11","product.list0","stock.incoterm_EXW","__setup__.res_users_16","2017-08-11","378"
"__setup__.sale_order_8254","__setup__.company_mte","Q201705031072","","__setup__.res_partner_3970","2017-05-03","product.list0","stock.incoterm_EXW","__setup__.res_users_16","2017-05-03","0100064772"
"__setup__.sale_order_7828","base.main_company","Q201703206243","","__setup__.res_partner_3","2017-03-20","product.list0","stock.incoterm_DAP","__setup__.res_users_16","2017-03-20","HUN/028270"
"__setup__.sale_order_8061","__setup__.company_mte","Q20170412996","","__setup__.res_partner_3970","2017-04-12","product.list0","stock.incoterm_EXW","__setup__.res_users_16","2017-04-12","0100064700"
"__setup__.sale_order_9479","base.main_company","Q201709257465","","__setup__.res_partner_1099","2017-09-25","product.list0","","__setup__.res_users_16","2017-09-25",""
"__setup__.sale_order_8361","__setup__.company_mte","Q201705151109","","__setup__.res_partner_1020","2017-05-15","product.list0","stock.incoterm_EXW","__setup__.res_users_16","2017-05-15","0013825"
"__setup__.sale_order_9352","base.main_company","Q201709087354","","__setup__.res_partner_1099","2017-09-08","product.list0","stock.incoterm_FCA","__setup__.res_users_16","2017-09-11","HK-EB-20170905-115-01"
"__setup__.sale_order_8090","__setup__.company_mte","Q201704131005","","__setup__.res_partner_3970","2017-04-13","product.list0","stock.incoterm_EXW","__setup__.res_users_16","2017-04-13","0100064704"
"__setup__.sale_order_8320","__setup__.company_mte","Q201705101100","","__setup__.res_partner_3970","2017-05-09","product.list0","stock.incoterm_EXW","__setup__.res_users_16","2017-05-10","0100064792"
"__setup__.sale_order_9507","base.main_company","Q201709287486","","__setup__.res_partner_1099","2017-09-28","product.list0","stock.incoterm_DAP","__setup__.res_users_16","2017-09-28",""
"__setup__.sale_order_8418","__setup__.company_mte","Q201705221134","","__setup__.res_partner_1020","2017-05-22","product.list0","stock.incoterm_EXW","__setup__.res_users_16","2017-05-22","0013860"
"__setup__.sale_order_8432","__setup__.company_mte","Q201705231135","","__setup__.res_partner_1020","2017-05-23","product.list0","stock.incoterm_EXW","__setup__.res_users_16","2017-05-23","0013707"
"__setup__.sale_order_8179","__setup__.company_mte","Q201704251041","","__setup__.res_partner_5","2017-04-25","product.list0","stock.incoterm_EXW","__setup__.res_users_16","2017-04-26","354"
"__setup__.sale_order_8156","__setup__.company_mte","Q201704211029","","__setup__.res_partner_1020","2017-04-21","product.list0","stock.incoterm_EXW","__setup__.res_users_16","2017-04-21","0013737"
"__setup__.sale_order_8229","__setup__.company_mte","Q201705011058","","__setup__.res_partner_1020","2017-05-01","product.list0","stock.incoterm_EXW","__setup__.res_users_16","2017-05-01","0013763"
"__setup__.sale_order_7329","base.main_company","Q201701255882","","__setup__.res_partner_1162","2017-01-25","product.list0","stock.incoterm_DAP","__setup__.res_users_16","2017-01-26","Orden #3-2017"
"__setup__.sale_order_7409","base.main_company","Q201702045940","","__setup__.res_partner_1162","2017-02-04","product.list0","stock.incoterm_DAP","__setup__.res_users_16","2017-02-04","#4-2017"
"__setup__.sale_order_8335","__setup__.company_mte","Q201705111104","","__setup__.res_partner_5","2017-05-11","product.list0","stock.incoterm_EXW","__setup__.res_users_16","2017-05-11","356"
"__setup__.sale_order_7462","base.main_company","Q201702095978","","__setup__.res_partner_1162","2017-02-09","product.list0","stock.incoterm_DAP","__setup__.res_users_16","2017-02-13","#5-2017"
"__setup__.sale_order_7964","base.main_company","Q201704036339","","__setup__.res_partner_3","2017-04-03","product.list0","stock.incoterm_DAP","__setup__.res_users_16","2017-04-04","HUN/028361"
"__setup__.sale_order_7530","base.main_company","Q201702166029","","__setup__.res_partner_1162","2017-02-16","product.list0","stock.incoterm_DAP","__setup__.res_users_16","2017-02-20","#6-2017"
"__setup__.sale_order_9504","base.main_company","Q201709287483","","__setup__.res_partner_3","2017-09-28","product.list0","stock.incoterm_FCA","__setup__.res_users_16","2017-09-28","DUB/006790"
"__setup__.sale_order_8317","__setup__.company_mte","Q201705101097","","__setup__.res_partner_1020","2017-05-09","product.list0","stock.incoterm_EXW","__setup__.res_users_16","2017-05-10","0013795"
"__setup__.sale_order_7891","base.main_company","Q201703276289","","__setup__.res_partner_3","2017-03-27","product.list0","stock.incoterm_DAP","__setup__.res_users_16","2017-03-27","HUN/028307"
"__setup__.sale_order_9589","base.main_company","Q201710107543","","__setup__.res_partner_1099","2017-10-10","product.list0","stock.incoterm_DDP","__setup__.res_users_16","2017-10-11",""
"__setup__.sale_order_7825","base.main_company","Q201703206240","","__setup__.res_partner_1099","2017-03-20","product.list0","stock.incoterm_DAP","__setup__.res_users_16","2017-03-23","Order 20170318"
"__setup__.sale_order_7519","base.main_company","Q201702166021","","__setup__.res_partner_1099","2017-02-16","product.list0","stock.incoterm_FCA","__setup__.res_users_16","2017-02-21",""
"__setup__.sale_order_7977","base.main_company","Q201704046351","","__setup__.res_partner_3","2017-04-04","product.list0","stock.incoterm_DAP","__setup__.res_users_16","2017-04-05","HUN/028381"
"__setup__.sale_order_9292","base.main_company","Q201709017296","","__setup__.res_partner_3","2017-09-01","product.list0","","__setup__.res_users_16","","DUB/006719"
"__setup__.sale_order_8493","__setup__.company_mte","Q201705301159","","__setup__.res_partner_1020","2017-05-30","product.list0","stock.incoterm_EXW","__setup__.res_users_16","2017-05-30","0013895"
"__setup__.sale_order_7791","__setup__.company_mte","Q20170315904","","__setup__.res_partner_1020","2017-03-15","product.list0","stock.incoterm_EXW","__setup__.res_users_16","2017-03-15","0013602"
"__setup__.sale_order_9437","base.main_company","Q201709207429","","__setup__.res_partner_1099","2017-09-20","product.list0","stock.incoterm_DAP","__setup__.res_users_16","",""
"__setup__.sale_order_8130","__setup__.company_mte","Q201704191020","","__setup__.res_partner_3970","2017-04-19","product.list0","stock.incoterm_EXW","__setup__.res_users_16","2017-04-19","0100064727"
"__setup__.sale_order_9069","base.main_company","Q201708077131","","__setup__.res_partner_1137","2017-08-07","product.list0","stock.incoterm_DAP","__setup__.res_users_16","",""
"__setup__.sale_order_9158","__setup__.company_mte","Q201708161392","","__setup__.res_partner_1020","2017-08-16","product.list0","stock.incoterm_EXW","__setup__.res_users_16","2017-08-16","0014171"
"__setup__.sale_order_8533","base.main_company","Q201706026747","","__setup__.res_partner_91","2017-06-02","product.list0","stock.incoterm_FCA","__setup__.res_users_16","2017-06-07","SFLY-030-2017"
"__setup__.sale_order_7855","__setup__.company_mte","Q20170321927","","__setup__.res_partner_1020","2017-03-21","product.list0","stock.incoterm_EXW","__setup__.res_users_16","2017-03-22","0013621"
"__setup__.sale_order_8053","base.main_company","Q201704116411","","__setup__.res_partner_3","2017-04-11","product.list0","stock.incoterm_DAP","__setup__.res_users_16","2017-04-11","HUN/028418"
"__setup__.sale_order_8162","__setup__.company_mte","Q201704211033","","__setup__.res_partner_1020","2017-04-21","product.list0","stock.incoterm_EXW","__setup__.res_users_16","2017-04-21","0013741"
"__setup__.sale_order_7899","__setup__.company_mte","Q20170327940","","__setup__.res_partner_1020","2017-03-27","product.list0","stock.incoterm_EXW","__setup__.res_users_16","2017-03-28","0013637"
"__setup__.sale_order_7942","__setup__.company_mte","Q20170330955","","__setup__.res_partner_1020","2017-03-30","product.list0","stock.incoterm_EXW","__setup__.res_users_16","2017-03-30","0013658"
"__setup__.sale_order_7848","__setup__.company_mte","Q20170321921","","__setup__.res_partner_5","2017-03-21","product.list0","stock.incoterm_EXW","__setup__.res_users_16","2017-03-21","348"
"__setup__.sale_order_7851","__setup__.company_mte","Q20170321923","","__setup__.res_partner_5","2017-03-21","product.list0","stock.incoterm_EXW","__setup__.res_users_16","2017-03-21","349"
"__setup__.sale_order_7953","__setup__.company_mte","Q20170331958","","__setup__.res_partner_5","2017-03-31","product.list0","stock.incoterm_DAP","__setup__.res_users_16","2017-04-07","350"
"__setup__.sale_order_7766","base.main_company","Q201703146192","","__setup__.res_partner_1099","2017-03-14","product.list0","stock.incoterm_DAP","__setup__.res_users_16","2017-03-17","HK-EB-20170314-98-03"
"__setup__.sale_order_8096","__setup__.company_mte","Q201704171011","","__setup__.res_partner_3970","2017-04-17","product.list0","stock.incoterm_EXW","__setup__.res_users_16","2017-04-17","0100064716"
"__setup__.sale_order_7995","__setup__.company_mte","Q20170405973","","__setup__.res_partner_5","2017-04-05","product.list0","stock.incoterm_DAP","__setup__.res_users_16","2017-04-07","351"
"__setup__.sale_order_8108","__setup__.company_mte","Q201704181013","","__setup__.res_partner_5","2017-04-18","product.list0","stock.incoterm_EXW","__setup__.res_users_16","2017-04-18","353"
"__setup__.sale_order_8057","__setup__.company_mte","Q20170411995","","__setup__.res_partner_5","2017-04-11","product.list0","stock.incoterm_EXW","__setup__.res_users_16","2017-04-13","352"
"__setup__.sale_order_8138","__setup__.company_mte","Q201704201022","","__setup__.res_partner_5","2017-04-20","product.list0","stock.incoterm_EXW","__setup__.res_users_16","2017-04-21","354"
"__setup__.sale_order_7940","base.main_company","Q201703306327","","__setup__.res_partner_1099","2017-03-30","product.list0","stock.incoterm_DAP","__setup__.res_users_16","2017-04-07",""
"__setup__.sale_order_7991","base.main_company","Q201704056364","","__setup__.res_partner_1162","2017-04-05","product.list0","stock.incoterm_DAP","__setup__.res_users_16","2017-04-05","Ref: Order Number 12/2017"
"__setup__.sale_order_7894","base.main_company","Q201703276292","","__setup__.res_partner_1099","2017-03-27","product.list0","stock.incoterm_DDP","__setup__.res_users_16","2017-03-27",""
"__setup__.sale_order_8812","__setup__.company_mte","Q201707031271","","__setup__.res_partner_5","2017-07-03","product.list0","stock.incoterm_EXW","__setup__.res_users_16","2017-07-03","371"
"__setup__.sale_order_9098","base.main_company","Q201708097154","","__setup__.res_partner_3","2017-08-09","product.list0","stock.incoterm_FCA","__setup__.res_users_16","2017-08-10","DUB/006653"
"__setup__.sale_order_8016","base.main_company","Q201704066380","","__setup__.res_partner_1162","2017-04-06","product.list0","stock.incoterm_DAP","__setup__.res_users_16","2017-04-11","#13-2017"
"__setup__.sale_order_8165","base.main_company","Q201704246489","","__setup__.res_partner_1099","2017-04-24","product.list0","stock.incoterm_DAP","__setup__.res_users_16","2017-04-26","HK-EB-20170424"
"__setup__.sale_order_8517","base.main_company","Q201706016730","","__setup__.res_partner_91","2017-06-01","product.list0","stock.incoterm_FCA","__setup__.res_users_16","2017-06-01","SFLY-028-2017"
"__setup__.sale_order_8170","base.main_company","Q201704256493","","__setup__.res_partner_1099","2017-04-24","product.list0","stock.incoterm_DAP","__setup__.res_users_16","2017-04-26",""
"__setup__.sale_order_7954","__setup__.company_mte","Q20170331959","","__setup__.res_partner_1020","2017-03-31","product.list0","stock.incoterm_EXW","__setup__.res_users_16","2017-03-31","0013645"
"__setup__.sale_order_8010","__setup__.company_mte","Q20170406979","","__setup__.res_partner_1020","2017-04-06","product.list0","stock.incoterm_EXW","__setup__.res_users_16","2017-04-06","0013682"
"__setup__.sale_order_8027","__setup__.company_mte","Q20170407987","","__setup__.res_partner_1020","2017-04-07","product.list0","stock.incoterm_EXW","__setup__.res_users_16","2017-04-07","0013695"
"__setup__.sale_order_8044","__setup__.company_mte","Q20170410991","","__setup__.res_partner_1020","2017-04-10","product.list0","stock.incoterm_EXW","__setup__.res_users_16","2017-04-13","0013699"
"__setup__.sale_order_8030","base.main_company","Q201704076389","","__setup__.res_partner_1162","2017-04-07","product.list0","stock.incoterm_DAP","__setup__.res_users_16","2017-04-12","#16-2017"
"__setup__.sale_order_8545","base.main_company","Q201706066750","","__setup__.res_partner_3","2017-06-06","product.list0","stock.incoterm_DAP","__setup__.res_users_16","2017-06-06","Hummingbird spares"
"__setup__.sale_order_8239","__setup__.company_mte","Q201705011066","","__setup__.res_partner_5","2017-05-01","product.list0","stock.incoterm_EXW","__setup__.res_users_16","2017-05-01","355"
"__setup__.sale_order_8292","base.main_company","Q201705086567","","__setup__.res_partner_1099","2017-05-08","product.list0","stock.incoterm_EXW","__setup__.res_users_16","2017-05-08","PO(HK-EB-20170508-104-01)"
"__setup__.sale_order_9593","base.main_company","Q201710117545","","__setup__.res_partner_1099","2017-10-11","product.list0","stock.incoterm_DAP","__setup__.res_users_16","","HK-EB-20171011-119-01"
"__setup__.sale_order_8465","__setup__.company_mte","Q201705261154","","__setup__.res_partner_3970","2017-05-26","product.list0","stock.incoterm_EXW","__setup__.res_users_16","2017-05-30","0100064864"
"__setup__.sale_order_8029","base.main_company","Q201704076388","","__setup__.res_partner_1162","2017-04-07","product.list0","stock.incoterm_DAP","__setup__.res_users_16","2017-04-12","#15-2017"
"__setup__.sale_order_9429","base.main_company","Q201709197419","","__setup__.res_partner_3","2017-09-19","product.list0","stock.incoterm_DAP","__setup__.res_users_16","2017-09-19","HUN/029343"
"__setup__.sale_order_8454","__setup__.company_mte","Q201705251147","","__setup__.res_partner_5","2017-05-25","product.list0","stock.incoterm_EXW","__setup__.res_users_16","2017-05-25","362"
"__setup__.sale_order_8371","base.main_company","Q201705176626","","__setup__.res_partner_1099","2017-05-17","product.list0","stock.incoterm_DAP","__setup__.res_users_16","2017-05-19",""
"__setup__.sale_order_8028","base.main_company","Q201704076387","","__setup__.res_partner_1162","2017-04-07","product.list0","stock.incoterm_DAP","__setup__.res_users_16","2017-04-12","#14-2017"
"__setup__.sale_order_9296","__setup__.company_mte","Q201709011432","","__setup__.res_partner_3970","2017-09-01","product.list0","stock.incoterm_EXW","__setup__.res_users_16","2017-09-01","0100065155 "
"__setup__.sale_order_8124","base.main_company","Q201704196467","","__setup__.res_partner_91","2017-04-19","product.list0","","__setup__.res_users_16","2017-04-19","Pix4D license JM-LuÃ­z"
"__setup__.sale_order_8245","__setup__.company_mte","Q201705021069","","__setup__.res_partner_3970","2017-05-02","product.list0","stock.incoterm_EXW","__setup__.res_users_16","2017-05-02","0100064765"
"__setup__.sale_order_8031","base.main_company","Q201704076390","","__setup__.res_partner_1162","2017-04-07","product.list0","stock.incoterm_DAP","__setup__.res_users_16","2017-04-12","#17-2017"
"__setup__.sale_order_8247","base.main_company","Q201705026538","","__setup__.res_partner_91","2017-05-02","product.list0","stock.incoterm_FCA","__setup__.res_users_16","2017-05-02","SFLY-024-2017"
"__setup__.sale_order_8397","base.main_company","Q201705196641","","__setup__.res_partner_1099","2017-05-19","product.list0","stock.incoterm_DAP","__setup__.res_users_16","2017-05-19",""
"__setup__.sale_order_9485","base.main_company","Q201709267469","","__setup__.res_partner_1099","2017-09-26","product.list0","stock.incoterm_FCA","__setup__.res_users_16","2017-09-29","HK-EB-20170922-118-04"
"__setup__.sale_order_9222","base.main_company","Q201708247243","","__setup__.res_partner_3","2017-08-24","product.list0","stock.incoterm_FCA","__setup__.res_users_16","2017-08-24","DUB/006686"
"__setup__.sale_order_8455","__setup__.company_mte","Q201705251148","","__setup__.res_partner_3970","2017-05-25","product.list0","stock.incoterm_EXW","__setup__.res_users_16","2017-05-26","0100064859"
"__setup__.sale_order_9407","base.main_company","Q201709157411","","__setup__.res_partner_3","2017-09-15","product.list0","stock.incoterm_DAP","__setup__.res_users_16","2017-09-15","HUN/029326"
"__setup__.sale_order_7804","base.main_company","Q201703166221","","__setup__.res_partner_405","2017-03-16","product.list0","stock.incoterm_EXW","__setup__.res_users_16","2017-03-17",""
"__setup__.sale_order_9484","base.main_company","Q201709267468","","__setup__.res_partner_1099","2017-09-26","product.list0","stock.incoterm_DAP","__setup__.res_users_16","2017-09-29","HK-EB-20170905-115-01"
"__setup__.sale_order_8301","base.main_company","Q201705096575","","__setup__.res_partner_3","2017-05-09","product.list0","stock.incoterm_EXW","__setup__.res_users_16","2017-05-22",""
"__setup__.sale_order_8440","base.main_company","Q201705246675","","__setup__.res_partner_1099","2017-05-24","product.list0","stock.incoterm_DAP","__setup__.res_users_16","2017-05-24","Order 21/3/2017"
"__setup__.sale_order_8313","__setup__.company_mte","Q201705101093","","__setup__.res_partner_3970","2017-05-09","product.list0","stock.incoterm_EXW","__setup__.res_users_16","2017-05-10","64787"
"__setup__.sale_order_8318","__setup__.company_mte","Q201705101098","","__setup__.res_partner_3970","2017-05-09","product.list0","stock.incoterm_EXW","__setup__.res_users_16","2017-05-10","0400007809"
"__setup__.sale_order_8103","base.main_company","Q201704186449","","__setup__.res_partner_3","2017-04-18","product.list0","stock.incoterm_DAP","__setup__.res_users_16","2017-04-18","HUN/028431"
"__setup__.sale_order_9122","base.main_company","Q201708117170","","__setup__.res_partner_3","2017-08-11","product.list0","stock.incoterm_DAP","__setup__.res_users_16","2017-08-17","HUN/029117"
"__setup__.sale_order_9144","base.main_company","Q201708157186","","__setup__.res_partner_1099","2017-08-15","product.list0","stock.incoterm_DAP","__setup__.res_users_16","2017-08-17",""
"__setup__.sale_order_9052","base.main_company","Q201708037118","","__setup__.res_partner_1162","2017-08-03","product.list0","stock.incoterm_DAP","__setup__.res_users_16","2017-08-03","#25"
"__setup__.sale_order_9157","base.main_company","Q201708167195","","__setup__.res_partner_3","2017-08-16","product.list0","stock.incoterm_DAP","__setup__.res_users_16","2017-08-16","HUN/029146"
"__setup__.sale_order_8691","__setup__.company_mte","Q201706211232","","__setup__.res_partner_5","2017-06-21","product.list0","stock.incoterm_EXW","__setup__.res_users_16","2017-06-21","370"
"__setup__.sale_order_9336","base.main_company","Q201709077333","","__setup__.res_partner_1099","2017-09-07","product.list0","stock.incoterm_DAP","__setup__.res_users_16","","Wingtra"
"__setup__.sale_order_8624","base.main_company","Q201706146806","","__setup__.res_partner_1099","2017-06-14","product.list0","stock.incoterm_DAP","__setup__.res_users_16","2017-06-19",""
"__setup__.sale_order_9161","base.main_company","Q201708177198","","__setup__.res_partner_3","2017-08-17","product.list0","stock.incoterm_DAP","__setup__.res_users_16","2017-08-17","HUN/029162"
"__setup__.sale_order_8217","base.main_company","Q201704286522","","__setup__.res_partner_3","2017-04-28","product.list0","stock.incoterm_DAP","__setup__.res_users_16","2017-05-01","HUN/ 028523"
"__setup__.sale_order_8670","__setup__.company_mte","Q201706191223","","__setup__.res_partner_5","2017-06-19","product.list0","stock.incoterm_EXW","__setup__.res_users_16","2017-06-20","369"
"__setup__.sale_order_8098","base.main_company","Q201704176444","","__setup__.res_partner_1162","2017-04-17","product.list0","stock.incoterm_DAP","__setup__.res_users_16","2017-04-17","#18-2017"
"__setup__.sale_order_8806","base.main_company","Q201706306934","","__setup__.res_partner_1162","2017-06-30","product.list0","stock.incoterm_DAP","__setup__.res_users_16","2017-07-05","23-2017"
"__setup__.sale_order_8300","base.main_company","Q201705096574","","__setup__.res_partner_3","2017-05-09","product.list0","stock.incoterm_EXW","__setup__.res_users_16","2017-05-09","HUN/028585"
"__setup__.sale_order_8281","base.main_company","Q201705056562","","__setup__.res_partner_3","2017-05-05","product.list0","stock.incoterm_DAP","__setup__.res_users_16","2017-05-05","HUN/028526"
"__setup__.sale_order_9304","base.main_company","Q201709057305","","__setup__.res_partner_91","2017-09-05","product.list0","stock.incoterm_CPT","__setup__.res_users_16","2017-09-05","SFLY-052-2017"
"__setup__.sale_order_8893","base.main_company","Q201707137008","","__setup__.res_partner_91","2017-07-13","product.list0","stock.incoterm_CPT","__setup__.res_users_16","2017-07-13","SFLY-040-2017"
"__setup__.sale_order_8892","base.main_company","Q201707137007","","__setup__.res_partner_91","2017-07-13","product.list0","stock.incoterm_CPT","__setup__.res_users_16","2017-07-13","SFLY-039-2017"
"__setup__.sale_order_8906","__setup__.company_mte","Q201707151300","","__setup__.res_partner_1020","2017-07-14","product.list0","stock.incoterm_EXW","__setup__.res_users_16","2017-07-17","0014053"
"__setup__.sale_order_8783","base.main_company","Q201706306915","","__setup__.res_partner_1099","2017-06-30","product.list0","stock.incoterm_FCA","__setup__.res_users_16","2017-06-30","HK-EB-20170626-110-03"
"__setup__.sale_order_7897","base.main_company","Q201703276295","","__setup__.res_partner_3","2017-03-27","product.list0","stock.incoterm_DAP","__setup__.res_users_16","2017-03-27","DUB/006345"
"__setup__.sale_order_8916","__setup__.company_mte","Q201707171304","","__setup__.res_partner_1020","2017-07-17","product.list0","stock.incoterm_EXW","__setup__.res_users_16","2017-07-20","0014060"
"__setup__.sale_order_9495","base.main_company","Q201709277478","","__setup__.res_partner_3","2017-09-27","product.list0","stock.incoterm_DAP","__setup__.res_users_16","2017-09-27","HUN/029394"
"__setup__.sale_order_8999","__setup__.company_mte","Q201707271339","","__setup__.res_partner_3970","2017-07-27","product.list0","stock.incoterm_EXW","__setup__.res_users_16","2017-07-27","0300006046"
"__setup__.sale_order_8759","base.main_company","Q201706286899","","__setup__.res_partner_3","2017-06-28","product.list0","stock.incoterm_DAP","__setup__.res_users_16","2017-06-28",""
"__setup__.sale_order_8798","__setup__.company_mte","Q201706301268","","__setup__.res_partner_5","2017-06-30","product.list0","stock.incoterm_EXW","__setup__.res_users_16","2017-06-30","DEVERON"
"__setup__.sale_order_8803","__setup__.company_mte","Q201706301269","","__setup__.res_partner_5","2017-06-30","product.list0","stock.incoterm_EXW","__setup__.res_users_16","2017-07-03","371"
"__setup__.sale_order_8350","base.main_company","Q201705156611","","__setup__.res_partner_3","2017-05-15","product.list0","stock.incoterm_DAP","__setup__.res_users_16","2017-05-15","HUN/028605"
"__setup__.sale_order_8391","base.main_company","Q201705196635","","__setup__.res_partner_3","2017-05-19","product.list0","stock.incoterm_DAP","__setup__.res_users_16","2017-05-24","HUN/028637"
"__setup__.sale_order_9149","__setup__.company_mte","Q201708151390","","__setup__.res_partner_3970","2017-08-15","product.list0","stock.incoterm_EXW","__setup__.res_users_16","2017-08-15","0100065093"
"__setup__.sale_order_9217","__setup__.company_mte","Q201708231406","","__setup__.res_partner_1020","2017-08-23","product.list0","stock.incoterm_EXW","__setup__.res_users_16","2017-08-23","0014166"
"__setup__.sale_order_7533","__setup__.company_mte","Q20170217806","","__setup__.res_partner_5","2017-02-16","product.list0","stock.incoterm_DAP","__setup__.res_users_16","2017-02-21","321"
"__setup__.sale_order_9363","base.main_company","Q201709117365","","__setup__.res_partner_1099","2017-09-11","product.list0","stock.incoterm_DAP","__setup__.res_users_16","2017-09-17","HK-EB-20170911-116-02"
"__setup__.sale_order_8855","__setup__.company_mte","Q201707071286","","__setup__.res_partner_1020","2017-07-07","product.list0","stock.incoterm_EXW","__setup__.res_users_16","2017-07-07","0014031"
"__setup__.sale_order_8898","__setup__.company_mte","Q201707131297","","__setup__.res_partner_3970","2017-07-13","product.list0","stock.incoterm_EXW","__setup__.res_users_16","2017-07-17","0100064999"
"__setup__.sale_order_8640","__setup__.company_mte","Q201706151210","","__setup__.res_partner_3970","2017-06-15","product.list0","stock.incoterm_EXW","__setup__.res_users_16","2017-06-19","0100064923"
"__setup__.sale_order_8482","base.main_company","Q201705306705","","__setup__.res_partner_3","2017-05-30","product.list0","stock.incoterm_DAP","__setup__.res_users_16","2017-05-30","HUN/028700"
"__setup__.sale_order_8486","base.main_company","Q201705306707","","__setup__.res_partner_3","2017-05-30","product.list0","stock.incoterm_DAP","__setup__.res_users_16","2017-05-30","HUN/028714"
"__setup__.sale_order_9614","base.main_company","Q201710127560","","__setup__.res_partner_1099","2017-10-12","product.list0","stock.incoterm_EXW","__setup__.res_users_16","","HK-EB-20171011-119-01"
"__setup__.sale_order_8452","__setup__.company_mte","Q201705251145","","__setup__.res_partner_3970","2017-05-25","product.list0","stock.incoterm_EXW","__setup__.res_users_16","2017-05-25","0100064854"
"__setup__.sale_order_9588","__setup__.company_mte","Q201710101523","","__setup__.res_partner_1020","2017-10-10","product.list0","stock.incoterm_EXW","__setup__.res_users_16","2017-10-10","0014348"
"__setup__.sale_order_8487","base.main_company","Q201705306708","","__setup__.res_partner_3","2017-05-30","product.list0","stock.incoterm_DAP","__setup__.res_users_16","2017-05-30","DUB/006498"
"__setup__.sale_order_8831","__setup__.company_mte","Q201707051279","","__setup__.res_partner_3970","2017-07-05","product.list0","stock.incoterm_EXW","__setup__.res_users_16","2017-07-10","0100064978"
"__setup__.sale_order_8853","__setup__.company_mte","Q201707071284","","__setup__.res_partner_3970","2017-07-07","product.list0","stock.incoterm_EXW","__setup__.res_users_16","2017-07-10","0100064985"
"__setup__.sale_order_9084","__setup__.company_mte","Q201708071368","","__setup__.res_partner_1020","2017-08-07","product.list0","stock.incoterm_EXW","__setup__.res_users_16","2017-08-07","0014129"
"__setup__.sale_order_8924","__setup__.company_mte","Q201707171308","","__setup__.res_partner_3970","2017-07-17","product.list0","stock.incoterm_EXW","__setup__.res_users_16","2017-07-17","0600000241"
"__setup__.sale_order_8478","base.main_company","Q201705306700","","__setup__.res_partner_3","2017-05-30","product.list0","stock.incoterm_DAP","__setup__.res_users_16","2017-05-30","HUN/028689"
"__setup__.sale_order_8829","base.main_company","Q201707056951","","__setup__.res_partner_91","2017-07-05","product.list0","","__setup__.res_users_16","2017-07-06","SFLY-038-2017"
"__setup__.sale_order_8828","base.main_company","Q201707056950","","__setup__.res_partner_91","2017-07-05","product.list0","","__setup__.res_users_16","2017-07-06","SFLY-037-2017"
"__setup__.sale_order_9148","__setup__.company_mte","Q201708151389","","__setup__.res_partner_1020","2017-08-15","product.list0","stock.incoterm_EXW","__setup__.res_users_16","2017-08-15","0014161"
"__setup__.sale_order_9219","base.main_company","Q201708237240","","__setup__.res_partner_1162","2017-08-23","product.list0","","__setup__.res_users_16","2017-08-25","#28-2017"
"__setup__.sale_order_9488","base.main_company","Q201709267472","","__setup__.res_partner_1099","2017-09-26","product.list0","stock.incoterm_FCA","__setup__.res_users_16","2017-09-27","HK-EB-20170919-117-03"
"__setup__.sale_order_9092","base.main_company","Q201708087150","","__setup__.res_partner_3","2017-08-08","product.list0","stock.incoterm_DAP","__setup__.res_users_16","2017-08-08","HUN/029104"
"__setup__.sale_order_8553","base.main_company","Q201706066759","","__setup__.res_partner_3","2017-06-06","product.list0","stock.incoterm_DAP","__setup__.res_users_16","2017-06-06","HUN/028742"
"__setup__.sale_order_9509","__setup__.company_mte","Q201709281496","","__setup__.res_partner_1020","2017-09-28","product.list0","stock.incoterm_EXW","__setup__.res_users_16","2017-09-28","0014327"
"__setup__.sale_order_9033","base.main_company","Q201708017105","","__setup__.res_partner_1162","2017-08-01","product.list0","stock.incoterm_DAP","__setup__.res_users_16","2017-08-08","#27-2017"
"__setup__.sale_order_9063","__setup__.company_mte","Q201708041363","","__setup__.res_partner_5","2017-08-04","product.list0","stock.incoterm_EXW","__setup__.res_users_16","2017-08-04","375"
"__setup__.sale_order_8404","base.main_company","Q201705226644","","__setup__.res_partner_3","2017-05-22","product.list0","stock.incoterm_EXW","__setup__.res_users_16","2017-05-22",""
"__setup__.sale_order_9094","__setup__.company_mte","Q201708081370","","__setup__.res_partner_1020","2017-08-08","product.list0","stock.incoterm_EXW","__setup__.res_users_16","2017-08-08","0014133"
"__setup__.sale_order_9438","base.main_company","Q201709207430","","__setup__.res_partner_1099","2017-09-20","product.list0","stock.incoterm_DAP","__setup__.res_users_16","2017-09-26",""
"__setup__.sale_order_8552","base.main_company","Q201706066758","","__setup__.res_partner_3","2017-06-06","product.list0","stock.incoterm_DAP","__setup__.res_users_16","2017-06-06","HUN/028736"
"__setup__.sale_order_9465","base.main_company","Q201709227454","","__setup__.res_partner_405","2017-09-22","product.list0","stock.incoterm_EXW","__setup__.res_users_16","2017-09-22","PO-CC2017092001"
"__setup__.sale_order_8654","base.main_company","Q201706196823","","__setup__.res_partner_3","2017-06-19","product.list0","stock.incoterm_DAP","__setup__.res_users_16","2017-06-19","HUN/028809"
"__setup__.sale_order_9274","base.main_company","Q201708317286","","__setup__.res_partner_3","2017-08-31","product.list0","stock.incoterm_DAP","__setup__.res_users_16","2017-08-31","HUN/029234"
"__setup__.sale_order_9496","base.main_company","Q201709277479","","__setup__.res_partner_3","2017-09-27","product.list0","stock.incoterm_DAP","__setup__.res_users_16","",""
"__setup__.sale_order_8889","base.main_company","Q201707137002","","__setup__.res_partner_3","2017-07-13","product.list0","stock.incoterm_DAP","__setup__.res_users_16","2017-07-13","HUN/028950"
"__setup__.sale_order_9182","__setup__.company_mte","Q201708211396","","__setup__.res_partner_5","2017-08-21","product.list0","stock.incoterm_EXW","__setup__.res_users_16","2017-08-21","379"
"__setup__.sale_order_9193","base.main_company","Q201708227222","","__setup__.res_partner_1099","2017-08-22","product.list0","stock.incoterm_DAP","__setup__.res_users_16","2017-08-25","Email"
"__setup__.sale_order_9233","base.main_company","Q201708257252","","__setup__.res_partner_91","2017-08-25","product.list0","","__setup__.res_users_16","2017-08-25","SFLY-050-2017"
"__setup__.sale_order_9234","base.main_company","Q201708257253","","__setup__.res_partner_3","2017-08-25","product.list0","stock.incoterm_DAP","__setup__.res_users_16","2017-08-25","HUN/029213"
"__setup__.sale_order_8647","base.main_company","Q201706166820","","__setup__.res_partner_3","2017-06-16","product.list0","stock.incoterm_FCA","__setup__.res_users_16","2017-06-20","DUB/006526"
"__setup__.sale_order_8904","base.main_company","Q201707147016","","__setup__.res_partner_91","2017-07-14","product.list0","stock.incoterm_CPT","__setup__.res_users_16","2017-07-14","SFLY-041-2017"
"__setup__.sale_order_9251","__setup__.company_mte","Q201708281414","","__setup__.res_partner_5","2017-08-28","product.list0","stock.incoterm_EXW","__setup__.res_users_16","2017-08-29","380"
"__setup__.sale_order_8994","base.main_company","Q201707277078","","__setup__.res_partner_91","2017-07-26","product.list0","stock.incoterm_CPT","__setup__.res_users_16","2017-07-28","SFLY-043-2017"
"__setup__.sale_order_9250","__setup__.company_mte","Q201708281413","","__setup__.res_partner_3970","2017-08-28","product.list0","stock.incoterm_EXW","__setup__.res_users_16","2017-08-28","0100065137"
"__setup__.sale_order_8659","base.main_company","Q201706196828","","__setup__.res_partner_3","2017-06-19","product.list0","stock.incoterm_DAP","__setup__.res_users_16","2017-06-19","HUN/028813"
"__setup__.sale_order_8981","base.main_company","Q201707257068","","__setup__.res_partner_3","2017-07-25","product.list0","stock.incoterm_DAP","__setup__.res_users_16","2017-07-26","HUN/028996"
"__setup__.sale_order_9027","base.main_company","Q201708017100","","__setup__.res_partner_91","2017-08-01","product.list0","stock.incoterm_CPT","__setup__.res_users_16","2017-08-01","SFLY-044-2017"
"__setup__.sale_order_8993","base.main_company","Q201707277077","","__setup__.res_partner_91","2017-07-26","product.list0","stock.incoterm_CPT","__setup__.res_users_16","2017-07-28","SFLY-042-2017"
"__setup__.sale_order_9236","__setup__.company_mte","Q201708251410","","__setup__.res_partner_3970","2017-08-25","product.list0","stock.incoterm_EXW","__setup__.res_users_16","2017-08-25","0100065124"
"__setup__.sale_order_8698","base.main_company","Q201706226855","","__setup__.res_partner_3","2017-06-22","product.list0","stock.incoterm_DAP","__setup__.res_users_16","2017-06-22","HUN/028791"
"__setup__.sale_order_9546","__setup__.company_mte","Q201710031508","","__setup__.res_partner_1020","2017-10-03","product.list0","stock.incoterm_EXW","__setup__.res_users_16","2017-10-04","14337"
"__setup__.sale_order_9261","__setup__.company_mte","Q201708291418","","__setup__.res_partner_3970","2017-08-29","product.list0","stock.incoterm_EXW","__setup__.res_users_16","2017-08-29","0100065140"
"__setup__.sale_order_9239","base.main_company","Q201708257256","","__setup__.res_partner_1162","2017-08-25","product.list0","","__setup__.res_users_16","2017-08-25","#29-2017"
"__setup__.sale_order_8980","base.main_company","Q201707257066","","__setup__.res_partner_3","2017-07-25","product.list0","stock.incoterm_DAP","__setup__.res_users_16","2017-07-26","HUN/028991"
"__setup__.sale_order_8787","base.main_company","Q201706306920","","__setup__.res_partner_3","2017-06-30","product.list0","stock.incoterm_DAP","__setup__.res_users_16","2017-06-30","HUN/028860"
"__setup__.sale_order_9180","__setup__.company_mte","Q201708211394","","__setup__.res_partner_1020","2017-08-21","product.list0","stock.incoterm_EXW","__setup__.res_users_16","2017-08-21","0014175"
"__setup__.sale_order_8532","base.main_company","Q201706026746","","__setup__.res_partner_91","2017-06-02","product.list0","stock.incoterm_FCA","__setup__.res_users_16","2017-06-07","SFLY-029-2017"
"__setup__.sale_order_8786","base.main_company","Q201706306919","","__setup__.res_partner_3","2017-06-30","product.list0","stock.incoterm_DAP","__setup__.res_users_16","2017-06-30","HUN/028844"
"__setup__.sale_order_8996","base.main_company","Q201707277081","","__setup__.res_partner_3","2017-07-27","product.list0","stock.incoterm_DAP","__setup__.res_users_16","2017-07-27","DUB/006615"
"__setup__.sale_order_9083","base.main_company","Q201708077142","","__setup__.res_partner_91","2017-08-07","product.list0","stock.incoterm_FCA","__setup__.res_users_16","2017-08-08","SFLY-D-046-2017"
"__setup__.sale_order_8799","base.main_company","Q201706306927","","__setup__.res_partner_3","2017-06-30","product.list0","stock.incoterm_DAP","__setup__.res_users_16","2017-06-30","HUN/028881"
"__setup__.sale_order_9343","base.main_company","Q201709077344","","__setup__.res_partner_1099","2017-09-07","product.list0","stock.incoterm_EXW","__setup__.res_users_16","2017-09-07","HK-EB-201700831-116-02"
"__setup__.sale_order_9264","__setup__.company_mte","Q201708291421","","__setup__.res_partner_1020","2017-08-29","product.list0","stock.incoterm_EXW","__setup__.res_users_16","2017-08-31","0014212"
"__setup__.sale_order_9191","base.main_company","Q201708217221","","__setup__.res_partner_91","2017-08-21","product.list0","stock.incoterm_CPT","__setup__.res_users_16","2017-08-22","SFLY-048-2017"
"__setup__.sale_order_8851","base.main_company","Q201707076971","","__setup__.res_partner_3","2017-07-07","product.list0","stock.incoterm_FCA","__setup__.res_users_16","2017-07-07","DUB/006573"
"__setup__.sale_order_8888","base.main_company","Q201707137000","","__setup__.res_partner_3","2017-07-13","product.list0","stock.incoterm_DAP","__setup__.res_users_16","2017-07-13","HUN/028944"
"__setup__.sale_order_9316","__setup__.company_mte","Q201709051437","","__setup__.res_partner_5","2017-09-05","product.list0","stock.incoterm_EXW","__setup__.res_users_16","2017-09-05","384"
"__setup__.sale_order_9324","base.main_company","Q201709067326","","__setup__.res_partner_1099","2017-09-06","product.list0","stock.incoterm_FCA","__setup__.res_users_16","2017-09-07","HK-EB-20170905-115-01"
"__setup__.sale_order_8942","base.main_company","Q201707197036","","__setup__.res_partner_3","2017-07-19","product.list0","stock.incoterm_DAP","__setup__.res_users_16","2017-07-19","HUN/028968"
"__setup__.sale_order_9189","base.main_company","Q201708217219","","__setup__.res_partner_91","2017-08-21","product.list0","stock.incoterm_CPT","__setup__.res_users_16","2017-08-22","SFLY-047-2017"
"__setup__.sale_order_9420","__setup__.company_mte","Q201709191469","","__setup__.res_partner_3970","2017-09-19","product.list0","stock.incoterm_EXW","__setup__.res_users_16","2017-09-19","0100065211"
"__setup__.sale_order_8991","base.main_company","Q201707267076","","__setup__.res_partner_3","2017-07-26","product.list0","stock.incoterm_DAP","__setup__.res_users_16","2017-07-27","DUB/006612"
"__setup__.sale_order_9214","base.main_company","Q201708237239","","__setup__.res_partner_91","2017-08-23","product.list0","","__setup__.res_users_16","2017-08-24","SFLY-049-2017"
"__setup__.sale_order_8412","base.main_company","Q201705226652","","__setup__.res_partner_1162","2017-05-22","product.list0","stock.incoterm_DAP","__setup__.res_users_16","2017-05-26","#19-2017"
"__setup__.sale_order_8536","base.main_company","Q201706026748","","__setup__.res_partner_1162","2017-06-02","product.list0","stock.incoterm_DAP","__setup__.res_users_16","2017-06-07","#20-2017"
"__setup__.sale_order_8564","base.main_company","Q201706086767","","__setup__.res_partner_1162","2017-06-07","product.list0","stock.incoterm_DAP","__setup__.res_users_16","2017-06-08","Orden 21-2017"
"__setup__.sale_order_8834","base.main_company","Q201707056953","","__setup__.res_partner_1162","2017-07-05","product.list0","stock.incoterm_DAP","__setup__.res_users_16","2017-07-06","#23b"
"__setup__.sale_order_9379","base.main_company","Q201709127384","","__setup__.res_partner_1162","2017-09-12","product.list0","stock.incoterm_DAP","__setup__.res_users_16","2017-09-14","#32-2017"
"__setup__.sale_order_9012","base.main_company","Q201707317091","","__setup__.res_partner_3","2017-07-31","product.list0","stock.incoterm_DDP","__setup__.res_users_16","2017-08-02","HUN/029046"
"__setup__.sale_order_8756","base.main_company","Q201706286897","","__setup__.res_partner_1099","2017-06-28","product.list0","stock.incoterm_FCA","__setup__.res_users_16","2017-06-29",""
"__setup__.sale_order_8915","base.main_company","Q201707177024","","__setup__.res_partner_1099","2017-07-17","product.list0","stock.incoterm_DAP","__setup__.res_users_16","2017-07-18",""
"__setup__.sale_order_9058","base.main_company","Q201708047124","","__setup__.res_partner_3","2017-08-04","product.list0","stock.incoterm_DAP","__setup__.res_users_16","2017-08-07","HUN/029081"
"__setup__.sale_order_9278","base.main_company","Q201708317289","","__setup__.res_partner_91","2017-08-31","product.list0","","__setup__.res_users_16","2017-08-31","SFLY-051-2017"
"__setup__.sale_order_9028","base.main_company","Q201708017101","","__setup__.res_partner_91","2017-08-01","product.list0","","__setup__.res_users_16","2017-08-01","SFLY-045-2017"
"__setup__.sale_order_9308","base.main_company","Q201709057309","","__setup__.res_partner_1099","2017-09-05","product.list0","stock.incoterm_DAP","__setup__.res_users_16","","HK-EB-20170321-100-05"
"__setup__.sale_order_9306","base.main_company","Q201709057307","","__setup__.res_partner_91","2017-09-05","product.list0","stock.incoterm_CPT","__setup__.res_users_16","2017-09-08","SFLY-053-2017"
"__setup__.sale_order_9342","__setup__.company_mte","Q201709071445","","__setup__.res_partner_5","2017-09-07","product.list0","stock.incoterm_EXW","__setup__.res_users_16","2017-09-07","385"
"__setup__.sale_order_9447","__setup__.company_mte","Q201709201478","","__setup__.res_partner_1020","2017-09-20","product.list0","stock.incoterm_EXW","__setup__.res_users_16","2017-09-20","0014286"
"__setup__.sale_order_9053","base.main_company","Q201708047119","","__setup__.res_partner_3","2017-08-04","product.list0","stock.incoterm_DAP","__setup__.res_users_16","2017-08-07","HUN/029072"
"__setup__.sale_order_9310","base.main_company","Q201709057311","","__setup__.res_partner_1099","2017-09-05","product.list0","stock.incoterm_DAP","__setup__.res_users_16","","HK-EB-20170626-110-03"
"__setup__.sale_order_9309","base.main_company","Q201709057310","","__setup__.res_partner_1099","2017-09-05","product.list0","","__setup__.res_users_16","","HK-EB-20170318-99-04"
"__setup__.sale_order_9132","__setup__.company_mte","Q201708111383","","__setup__.res_partner_3970","2017-08-11","product.list0","stock.incoterm_EXW","__setup__.res_users_16","2017-08-11","0100065080"
"__setup__.sale_order_9062","__setup__.company_mte","Q201708041362","","__setup__.res_partner_3970","2017-08-04","product.list0","stock.incoterm_EXW","__setup__.res_users_16","2017-08-04","0100065058"
"__setup__.sale_order_9441","__setup__.company_mte","Q201709201476","","__setup__.res_partner_1020","2017-09-20","product.list0","stock.incoterm_EXW","__setup__.res_users_16","2017-09-20","0014295"
"__setup__.sale_order_9427","base.main_company","Q201709197418","","__setup__.res_partner_3","2017-09-19","product.list0","stock.incoterm_DAP","__setup__.res_users_16","2017-09-19","HUN/029318"
"__setup__.sale_order_9061","__setup__.company_mte","Q201708041361","","__setup__.res_partner_3970","2017-08-04","product.list0","stock.incoterm_EXW","__setup__.res_users_16","2017-08-04","0300006047"
"__setup__.sale_order_9481","__setup__.company_mte","Q201709251486","","__setup__.res_partner_3970","2017-09-25","product.list0","stock.incoterm_EXW","__setup__.res_users_16","2017-09-25","0100065227"
"__setup__.sale_order_9552","__setup__.company_mte","Q201710041510","","__setup__.res_partner_1020","2017-10-04","product.list0","stock.incoterm_EXW","__setup__.res_users_16","2017-10-04","0014335"
"__setup__.sale_order_9322","base.main_company","Q201709067323","","__setup__.res_partner_3","2017-09-06","product.list0","stock.incoterm_DAP","__setup__.res_users_16","2017-09-06","HUN/029269"
"__setup__.sale_order_9253","__setup__.company_mte","Q201708281415","","__setup__.res_partner_3970","2017-08-28","product.list0","stock.incoterm_EXW","__setup__.res_users_16","2017-08-29","0100065138"
"__setup__.sale_order_9381","base.main_company","Q201709127386","","__setup__.res_partner_91","2017-09-12","product.list0","","__setup__.res_users_16","2017-09-12","SFLY-054-2017"
"__setup__.sale_order_9297","__setup__.company_mte","Q201709011433","","__setup__.res_partner_3970","2017-09-01","product.list0","stock.incoterm_EXW","__setup__.res_users_16","2017-09-01","0100065155 "
"__setup__.sale_order_9333","__setup__.company_mte","Q201709061443","","__setup__.res_partner_3970","2017-09-06","product.list0","stock.incoterm_EXW","__setup__.res_users_16","2017-09-06","0100065163"
"__setup__.sale_order_9279","base.main_company","Q201708317290","","__setup__.res_partner_1162","2017-08-31","product.list0","stock.incoterm_DAP","__setup__.res_users_16","2017-09-19","#31-2017"
"__setup__.sale_order_8960","__setup__.company_mte","Q201707211326","","__setup__.res_partner_1020","2017-07-21","product.list0","stock.incoterm_EXW","__setup__.res_users_16","2017-07-24","0014073"
"__setup__.sale_order_9434","base.main_company","Q201709197428","","__setup__.res_partner_3","2017-09-19","product.list0","stock.incoterm_DAP","__setup__.res_users_16","2017-09-19","HUN/029355"
"__setup__.sale_order_9452","base.main_company","Q201709207442","","__setup__.res_partner_91","2017-09-20","product.list0","stock.incoterm_CPT","__setup__.res_users_16","2017-09-21","SFLY-055-2017"
"__setup__.sale_order_9474","__setup__.company_mte","Q201709221483","","__setup__.res_partner_5","2017-09-22","product.list0","stock.incoterm_EXW","__setup__.res_users_16","2017-09-22","387"
"__setup__.sale_order_9000","__setup__.company_mte","Q201707271340","","__setup__.res_partner_1020","2017-07-27","product.list0","stock.incoterm_EXW","__setup__.res_users_16","2017-07-27","0014086"
"__setup__.sale_order_9389","__setup__.company_mte","Q201709131453","","__setup__.res_partner_3970","2017-09-13","product.list0","stock.incoterm_EXW","__setup__.res_users_16","2017-09-13","0100065185"
"__setup__.sale_order_9616","base.main_company","Q201710127563","","__setup__.res_partner_405","2017-10-12","product.list0","stock.incoterm_EXW","__setup__.res_users_16","2017-10-12","PO-CC2017101201"
"__setup__.sale_order_9566","base.main_company","Q201710067525","","__setup__.res_partner_3","2017-10-06","product.list0","stock.incoterm_CPT","__setup__.res_users_16","2017-10-06","HUN/029499"
"__setup__.sale_order_9555","__setup__.company_mte","Q201710041513","","__setup__.res_partner_5","2017-10-04","product.list0","stock.incoterm_EXW","__setup__.res_users_16","2017-10-04","388"
"__setup__.sale_order_9538","__setup__.company_mte","Q201710031500","","__setup__.res_partner_1020","2017-10-03","product.list0","stock.incoterm_EXW","__setup__.res_users_16","2017-10-03","0014330"
"__setup__.sale_order_9584","__setup__.company_mte","Q201710091520","","__setup__.res_partner_3970","2017-10-09","product.list0","stock.incoterm_EXW","__setup__.res_users_16","2017-10-09","0100065286"
"__setup__.sale_order_9544","__setup__.company_mte","Q201710031506","","__setup__.res_partner_3970","2017-10-03","product.list0","stock.incoterm_EXW","__setup__.res_users_16","2017-10-03","0100065262"
"__setup__.sale_order_9643","__setup__.company_mte","Q201710161545","","__setup__.res_partner_3970","2017-10-16","product.list0","stock.incoterm_EXW","__setup__.res_users_16","2017-10-16","0100065309"
"__setup__.sale_order_9621","__setup__.company_mte","Q201710121536","","__setup__.res_partner_1020","2017-10-12","product.list0","stock.incoterm_EXW","__setup__.res_users_16","2017-10-12","0014357"
"__setup__.sale_order_9374","base.main_company","Q201709127378","","__setup__.res_partner_3","2017-09-12","product.list0","stock.incoterm_DAP","__setup__.res_users_16","2017-09-14","HUN/029279"
"__setup__.sale_order_9252","base.main_company","Q201708287267","","__setup__.res_partner_1162","2017-08-28","product.list0","stock.incoterm_DAP","__setup__.res_users_16","2017-09-14","#30-2017"
"__setup__.sale_order_9644","__setup__.company_mte","Q201710161546","","__setup__.res_partner_3970","2017-10-16","product.list0","stock.incoterm_EXW","__setup__.res_users_16","","0100065313"
"__setup__.sale_order_9606","__setup__.company_mte","Q201710111532","","__setup__.res_partner_3970","2017-10-11","product.list0","stock.incoterm_EXW","__setup__.res_users_16","2017-10-11","0100065293"
"__setup__.sale_order_9617","__setup__.company_mte","Q201710121534","","__setup__.res_partner_1020","2017-10-12","product.list0","stock.incoterm_EXW","__setup__.res_users_16","2017-10-12","0014356"
"__setup__.sale_order_9383","base.main_company","Q201709137390","","__setup__.res_partner_3","2017-09-13","product.list0","stock.incoterm_DAP","__setup__.res_users_16","2017-09-13","DUB/006753"
"__setup__.sale_order_9393","__setup__.company_mte","Q201709131457","","__setup__.res_partner_3970","2017-09-13","product.list0","stock.incoterm_EXW","__setup__.res_users_16","2017-09-13","0100065190 "
"__setup__.sale_order_9321","base.main_company","Q201709067321","","__setup__.res_partner_3","2017-09-06","product.list0","stock.incoterm_DAP","__setup__.res_users_16","2017-09-14","HUN/029263"
